<?xml version="1.0" encoding="UTF-8" standalone="yes"?>
<p:presentation xmlns:a="http://schemas.openxmlformats.org/drawingml/2006/main" xmlns:p="http://schemas.openxmlformats.org/presentationml/2006/main" xmlns:r="http://schemas.openxmlformats.org/officeDocument/2006/relationships" xmlns:p14="http://schemas.microsoft.com/office/powerpoint/2010/main" xmlns:p15="http://schemas.microsoft.com/office/powerpoint/2012/main" xmlns:mc="http://schemas.openxmlformats.org/markup-compatibility/2006"><p:sldMasterIdLst><p:sldMasterId id="2147483648" r:id="rId2"/></p:sldMasterIdLst><p:sldIdLst><p:sldId id="256" r:id="rId3"/></p:sldIdLst><p:sldSz cx="10080625" cy="5670550"/><p:notesSz cx="7772400" cy="10058400"/></p:presentation>