<?xml version="1.0" encoding="UTF-8" standalone="yes"?>
<p:sld xmlns:a="http://schemas.openxmlformats.org/drawingml/2006/main" xmlns:p="http://schemas.openxmlformats.org/presentationml/2006/main" xmlns:r="http://schemas.openxmlformats.org/officeDocument/2006/relationships" xmlns:p14="http://schemas.microsoft.com/office/powerpoint/2010/main" xmlns:p15="http://schemas.microsoft.com/office/powerpoint/2012/main" xmlns:mc="http://schemas.openxmlformats.org/markup-compatibility/2006"><p:cSld><p:bg><p:bgPr><a:blipFill rotWithShape="0"><a:blip r:embed="rId1"></a:blip><a:stretch><a:fillRect/></a:stretch></a:blipFill></p:bgPr></p:bg><p:spTree><p:nvGrpSpPr>        <p:cNvPr id="1" name=""/>        <p:cNvGrpSpPr/>        <p:nvPr/>      </p:nvGrpSpPr>      <p:grpSpPr>        <a:xfrm>          <a:off x="0" y="0"/>          <a:ext cx="0" cy="0"/>          <a:chOff x="0" y="0"/>          <a:chExt cx="0" cy="0"/>        </a:xfrm>      </p:grpSpPr><p:sp><p:nvSpPr><p:cNvPr id="38" name="CustomShape 1"></p:cNvPr><p:cNvSpPr/><p:nvPr/></p:nvSpPr><p:spPr><a:xfrm><a:off x="504000" y="226080"/><a:ext cx="9071280" cy="946080"/></a:xfrm><a:prstGeom prst="rect"><a:avLst></a:avLst></a:prstGeom><a:noFill/><a:ln><a:noFill/></a:ln></p:spPr><p:style><a:lnRef idx="0"/><a:fillRef idx="0"/><a:effectRef idx="0"/><a:fontRef idx="minor"/></p:style><p:txBody><a:bodyPr lIns="0" rIns="0" tIns="0" bIns="0" anchor="ctr"><a:noAutofit/></a:bodyPr><a:p><a:pPr algn="ctr"><a:lnSpc><a:spcPct val="100000"/></a:lnSpc></a:pPr><a:r><a:rPr b="0" lang="en-US" sz="4400" spc="-1" strike="noStrike"><a:latin typeface="Arial"/></a:rPr><a:t>Libre linux</a:t></a:r><a:endParaRPr b="0" lang="en-US" sz="4400" spc="-1" strike="noStrike"><a:latin typeface="Arial"/></a:endParaRPr></a:p></p:txBody></p:sp><p:sp><p:nvSpPr><p:cNvPr id="39" name="CustomShape 2"></p:cNvPr><p:cNvSpPr/><p:nvPr/></p:nvSpPr><p:spPr><a:xfrm><a:off x="504000" y="1326600"/><a:ext cx="9071280" cy="3287880"/></a:xfrm><a:prstGeom prst="rect"><a:avLst></a:avLst></a:prstGeom><a:noFill/><a:ln><a:noFill/></a:ln></p:spPr><p:style><a:lnRef idx="0"/><a:fillRef idx="0"/><a:effectRef idx="0"/><a:fontRef idx="minor"/></p:style></p:sp></p:spTree></p:cSld><mc:AlternateContent><mc:Choice Requires="p14"><p:transition spd="slow" p14:dur="2000"></p:transition></mc:Choice><mc:Fallback><p:transition spd="slow"></p:transition></mc:Fallback></mc:AlternateContent></p:sld>