<?xml version="1.0" encoding="UTF-8" standalone="yes"?>
<p:sldLayout xmlns:a="http://schemas.openxmlformats.org/drawingml/2006/main" xmlns:p="http://schemas.openxmlformats.org/presentationml/2006/main" xmlns:r="http://schemas.openxmlformats.org/officeDocument/2006/relationships" xmlns:p14="http://schemas.microsoft.com/office/powerpoint/2010/main" xmlns:p15="http://schemas.microsoft.com/office/powerpoint/2012/main" xmlns:mc="http://schemas.openxmlformats.org/markup-compatibility/2006" type="obj" preserve="1"><p:cSld name="Title, Content"><p:spTree><p:nvGrpSpPr>        <p:cNvPr id="1" name=""/>        <p:cNvGrpSpPr/>        <p:nvPr/>      </p:nvGrpSpPr>      <p:grpSpPr>        <a:xfrm>          <a:off x="0" y="0"/>          <a:ext cx="0" cy="0"/>          <a:chOff x="0" y="0"/>          <a:chExt cx="0" cy="0"/>        </a:xfrm>      </p:grpSpPr><p:sp><p:nvSpPr><p:cNvPr id="4" name="PlaceHolder 1"/><p:cNvSpPr><a:spLocks noGrp="1"/></p:cNvSpPr><p:nvPr><p:ph type="title"/></p:nvPr></p:nvSpPr><p:spPr><a:xfrm><a:off x="504000" y="226080"/><a:ext cx="9071280" cy="946080"/></a:xfrm><a:prstGeom prst="rect"><a:avLst/></a:prstGeom></p:spPr><p:txBody><a:bodyPr lIns="0" rIns="0" tIns="0" bIns="0" anchor="ctr"><a:noAutofit/></a:bodyPr><a:p><a:pPr algn="ctr"></a:pPr><a:endParaRPr b="0" lang="en-US" sz="4400" spc="-1" strike="noStrike"><a:latin typeface="Arial"/></a:endParaRPr></a:p></p:txBody></p:sp><p:sp><p:nvSpPr><p:cNvPr id="5" name="PlaceHolder 2"/><p:cNvSpPr><a:spLocks noGrp="1"/></p:cNvSpPr><p:nvPr><p:ph type="body"/></p:nvPr></p:nvSpPr><p:spPr><a:xfrm><a:off x="504000" y="1326600"/><a:ext cx="9072000" cy="3288600"/></a:xfrm><a:prstGeom prst="rect"><a:avLst/></a:prstGeom></p:spPr><p:txBody><a:bodyPr lIns="0" rIns="0" tIns="0" bIns="0"><a:normAutofit/></a:bodyPr><a:p><a:endParaRPr b="0" lang="en-US" sz="3200" spc="-1" strike="noStrike"><a:latin typeface="Arial"/></a:endParaRPr></a:p></p:txBody></p:sp></p:spTree></p:cSld></p:sldLayout>